{
  "label_source": "p_normalized_kmeans3",
  "label_meta": {
    "n_clusters": 2,
    "method": "largest_gap_with_balance_floor",
    "chosen_boundary": 0.3277,
    "chosen_gap_size": 0.0805,
    "kmeans_centers": [
      0.1919,
      0.8428
    ],
    "kmeans_boundary": 0.5174,
    "kmeans_split": {
      "low": 31,
      "high": 4
    },
    "n_steps_total": 35,
    "class_distribution_step_level": {
      "low": 27,
      "high": 8
    }
  },
  "feature_columns": [
    "pupil_pcps_mean",
    "pupil_diam_slope",
    "blink_rate_30s",
    "fixation_dur_mean_ms",
    "fixation_dispersion_mean"
  ],
  "n_windows": 18220,
  "n_participants": 11,
  "n_splits": 5,
  "class_distribution_window": {
    "high": 9906,
    "low": 8314
  },
  "fold_metrics": [
    {
      "fold": 1,
      "n_train": 13937,
      "n_test": 4283,
      "held_out_participants": [
        "P10",
        "P12"
      ],
      "accuracy": 0.4886761615689937,
      "balanced_accuracy": 0.46926550194581235,
      "macro_f1": 0.4689733565284816,
      "cohen_kappa": -0.060277460390092186,
      "per_class": {
        "low": {
          "precision": 0.3493112947658402,
          "recall": 0.3858794887401096,
          "f1-score": 0.3666859456333141,
          "support": 1643.0
        },
        "high": {
          "precision": 0.5911669367909238,
          "recall": 0.5526515151515151,
          "f1-score": 0.5712607674236492,
          "support": 2640.0
        }
      }
    },
    {
      "fold": 2,
      "n_train": 14784,
      "n_test": 3436,
      "held_out_participants": [
        "P13",
        "P17"
      ],
      "accuracy": 0.46653084982537835,
      "balanced_accuracy": 0.5419409208795801,
      "macro_f1": 0.46593259605739773,
      "cohen_kappa": 0.06484979542529501,
      "per_class": {
        "low": {
          "precision": 0.3545191910854313,
          "recall": 0.7615248226950354,
          "f1-score": 0.48380737820332304,
          "support": 1128.0
        },
        "high": {
          "precision": 0.7344521224086871,
          "recall": 0.3223570190641248,
          "f1-score": 0.4480578139114724,
          "support": 2308.0
        }
      }
    },
    {
      "fold": 3,
      "n_train": 14783,
      "n_test": 3437,
      "held_out_participants": [
        "P11",
        "P8"
      ],
      "accuracy": 0.6136165260401513,
      "balanced_accuracy": 0.5516932717250204,
      "macro_f1": 0.5517355709549177,
      "cohen_kappa": 0.10834840147467217,
      "per_class": {
        "low": {
          "precision": 0.43243243243243246,
          "recall": 0.34724540901502504,
          "f1-score": 0.3851851851851852,
          "support": 1198.0
        },
        "high": {
          "precision": 0.684040404040404,
          "recall": 0.7561411344350156,
          "f1-score": 0.71828595672465,
          "support": 2239.0
        }
      }
    },
    {
      "fold": 4,
      "n_train": 14859,
      "n_test": 3361,
      "held_out_participants": [
        "P15",
        "P16"
      ],
      "accuracy": 0.5194882475453734,
      "balanced_accuracy": 0.5021572458863685,
      "macro_f1": 0.5018751668479569,
      "cohen_kappa": 0.004349812692450383,
      "per_class": {
        "low": {
          "precision": 0.5837015218458518,
          "recall": 0.6078732106339468,
          "f1-score": 0.595542198847984,
          "support": 1956.0
        },
        "high": {
          "precision": 0.4206948640483384,
          "recall": 0.39644128113879,
          "f1-score": 0.40820813484792967,
          "support": 1405.0
        }
      }
    },
    {
      "fold": 5,
      "n_train": 14517,
      "n_test": 3703,
      "held_out_participants": [
        "P14",
        "P18",
        "P9"
      ],
      "accuracy": 0.5363219011612206,
      "balanced_accuracy": 0.46513908559843986,
      "macro_f1": 0.45795488307716836,
      "cohen_kappa": -0.07393759489567886,
      "per_class": {
        "low": {
          "precision": 0.6234386480529023,
          "recall": 0.7103390539974885,
          "f1-score": 0.6640579143024848,
          "support": 2389.0
        },
        "high": {
          "precision": 0.2945973496432212,
          "recall": 0.21993911719939116,
          "f1-score": 0.2518518518518518,
          "support": 1314.0
        }
      }
    }
  ],
  "oof_window": {
    "accuracy": 0.5234357848518112,
    "balanced_accuracy": 0.5277189050735805,
    "macro_f1": 0.5234317522986893,
    "cohen_kappa": 0.054570196953900085,
    "per_class": {
      "low": {
        "precision": 0.4814740435786726,
        "recall": 0.5767380322347847,
        "f1-score": 0.5248180375417283,
        "support": 8314.0
      },
      "high": {
        "precision": 0.5740225154339669,
        "recall": 0.47869977791237633,
        "f1-score": 0.5220454670556504,
        "support": 9906.0
      }
    }
  },
  "oof_step": {
    "accuracy": 0.5674603174603174,
    "balanced_accuracy": 0.5293316940370598,
    "macro_f1": 0.50582012485832,
    "cohen_kappa": 0.04638244688237736,
    "per_class": {
      "low": {
        "precision": 0.7837837837837838,
        "recall": 0.6010362694300518,
        "f1-score": 0.6803519061583577,
        "support": 193.0
      },
      "high": {
        "precision": 0.25961538461538464,
        "recall": 0.4576271186440678,
        "f1-score": 0.3312883435582822,
        "support": 59.0
      }
    },
    "n_steps": 252
  }
}