{
  "label_source": "p_normalized_kmeans3",
  "label_meta": {
    "n_clusters": 2,
    "method": "largest_gap_with_balance_floor",
    "chosen_boundary": 0.2934,
    "chosen_gap_size": 0.0341,
    "kmeans_centers": [
      0.2049,
      0.8452
    ],
    "kmeans_boundary": 0.5251,
    "kmeans_split": {
      "low": 31,
      "high": 4
    },
    "n_steps_total": 35,
    "class_distribution_step_level": {
      "low": 25,
      "high": 10
    }
  },
  "feature_columns": [
    "pupil_pcps_mean",
    "pupil_diam_slope",
    "blink_rate_30s",
    "fixation_dur_mean_ms",
    "fixation_dispersion_mean"
  ],
  "n_windows": 18220,
  "n_participants": 11,
  "n_splits": 5,
  "class_distribution_window": {
    "high": 10308,
    "low": 7912
  },
  "fold_metrics": [
    {
      "fold": 1,
      "n_train": 13937,
      "n_test": 4283,
      "held_out_participants": [
        "P10",
        "P12"
      ],
      "accuracy": 0.47396684566892366,
      "balanced_accuracy": 0.4549362420580264,
      "macro_f1": 0.453951515330538,
      "cohen_kappa": -0.08681721531442022,
      "per_class": {
        "low": {
          "precision": 0.32215122470713525,
          "recall": 0.38170347003154576,
          "f1-score": 0.34940802772162866,
          "support": 1585.0
        },
        "high": {
          "precision": 0.5925155925155925,
          "recall": 0.528169014084507,
          "f1-score": 0.5584950029394474,
          "support": 2698.0
        }
      }
    },
    {
      "fold": 2,
      "n_train": 14784,
      "n_test": 3436,
      "held_out_participants": [
        "P13",
        "P17"
      ],
      "accuracy": 0.46536670547147846,
      "balanced_accuracy": 0.5443135278180329,
      "macro_f1": 0.46533369102375216,
      "cohen_kappa": 0.06656448848898355,
      "per_class": {
        "low": {
          "precision": 0.34059488898198576,
          "recall": 0.7555762081784386,
          "f1-score": 0.4695350851862547,
          "support": 1076.0
        },
        "high": {
          "precision": 0.7492850333651097,
          "recall": 0.33305084745762714,
          "f1-score": 0.4611322968612496,
          "support": 2360.0
        }
      }
    },
    {
      "fold": 3,
      "n_train": 14783,
      "n_test": 3437,
      "held_out_participants": [
        "P11",
        "P8"
      ],
      "accuracy": 0.6203084084957812,
      "balanced_accuracy": 0.538433857148941,
      "macro_f1": 0.5380980053589585,
      "cohen_kappa": 0.08133207192641134,
      "per_class": {
        "low": {
          "precision": 0.3888255416191562,
          "recall": 0.30720720720720723,
          "f1-score": 0.3432310015098138,
          "support": 1110.0
        },
        "high": {
          "precision": 0.699609375,
          "recall": 0.7696605070906747,
          "f1-score": 0.7329650092081031,
          "support": 2327.0
        }
      }
    },
    {
      "fold": 4,
      "n_train": 14859,
      "n_test": 3361,
      "held_out_participants": [
        "P15",
        "P16"
      ],
      "accuracy": 0.499851234751562,
      "balanced_accuracy": 0.4901393773375041,
      "macro_f1": 0.49004812185755875,
      "cohen_kappa": -0.01977774717355696,
      "per_class": {
        "low": {
          "precision": 0.5553830227743272,
          "recall": 0.5662269129287599,
          "f1-score": 0.5607525476874836,
          "support": 1895.0
        },
        "high": {
          "precision": 0.42477256822953113,
          "recall": 0.4140518417462483,
          "f1-score": 0.4193436960276338,
          "support": 1466.0
        }
      }
    },
    {
      "fold": 5,
      "n_train": 14517,
      "n_test": 3703,
      "held_out_participants": [
        "P14",
        "P18",
        "P9"
      ],
      "accuracy": 0.5087766675668377,
      "balanced_accuracy": 0.4631729954144056,
      "macro_f1": 0.4555311935055849,
      "cohen_kappa": -0.07708296988200436,
      "per_class": {
        "low": {
          "precision": 0.5816443594646271,
          "recall": 0.6772039180765805,
          "f1-score": 0.6257971610779675,
          "support": 2246.0
        },
        "high": {
          "precision": 0.3336397058823529,
          "recall": 0.2491420727522306,
          "f1-score": 0.28526522593320236,
          "support": 1457.0
        }
      }
    }
  ],
  "oof_window": {
    "accuracy": 0.5118002195389681,
    "balanced_accuracy": 0.516260378521517,
    "macro_f1": 0.511236083702749,
    "cohen_kappa": 0.03169347533538036,
    "per_class": {
      "low": {
        "precision": 0.44927237072969345,
        "recall": 0.5501769464105156,
        "f1-score": 0.4946309868757457,
        "support": 7912.0
      },
      "high": {
        "precision": 0.5828156136443559,
        "recall": 0.4823438106325184,
        "f1-score": 0.5278411805297522,
        "support": 10308.0
      }
    }
  },
  "oof_step": {
    "accuracy": 0.5357142857142857,
    "balanced_accuracy": 0.506877990430622,
    "macro_f1": 0.4980848781982534,
    "cohen_kappa": 0.012327482245745758,
    "per_class": {
      "low": {
        "precision": 0.7034482758620689,
        "recall": 0.5795454545454546,
        "f1-score": 0.6355140186915887,
        "support": 176.0
      },
      "high": {
        "precision": 0.308411214953271,
        "recall": 0.4342105263157895,
        "f1-score": 0.36065573770491804,
        "support": 76.0
      }
    },
    "n_steps": 252
  }
}