feature,rf_gini_importance,permutation_importance_mean,permutation_importance_std
blink_rate_30s,0.21725953296327705,0.1598638151455361,0.0025299469662683825
pupil_pcps_mean,0.2319569723766891,0.14687725839901572,0.0020996199503760518
fixation_dur_mean_ms,0.2856710883684369,0.13616874580457147,0.0021343394538826874
fixation_dispersion_mean,0.19603994644587425,0.11863597555908219,0.0028709311393493872
pupil_diam_slope,0.06907245984572263,0.030747943576171166,0.0012891081159531676
