feature,rf_gini_importance,permutation_importance_mean,permutation_importance_std
blink_rate_30s,0.2045237609892094,0.22723647739244615,0.0025294855275431907
pupil_pcps_mean,0.2331620261614097,0.20711108545345064,0.0031128882869248626
fixation_dur_mean_ms,0.2877576296653403,0.1837205927816666,0.0018198945201667294
fixation_dispersion_mean,0.20980233190004827,0.15165100033710927,0.0019293061350386322
pupil_diam_slope,0.06475425128399238,0.02844818287745483,0.0015127121851589993
