{
  "label_source": "p_normalized_kmeans3",
  "label_meta": {
    "n_clusters": 2,
    "method": "largest_gap_with_balance_floor",
    "chosen_boundary": 0.3277,
    "chosen_gap_size": 0.0805,
    "kmeans_centers": [
      0.1919,
      0.8428
    ],
    "kmeans_boundary": 0.5174,
    "kmeans_split": {
      "low": 31,
      "high": 4
    },
    "n_steps_total": 35,
    "class_distribution_step_level": {
      "low": 27,
      "high": 8
    }
  },
  "feature_columns": [
    "pupil_pcps_mean",
    "pupil_diam_slope",
    "blink_rate_30s",
    "fixation_dur_mean_ms"
  ],
  "best_params": {
    "n_estimators": 586,
    "max_depth": 18,
    "min_samples_split": 27,
    "min_samples_leaf": 1,
    "max_features": null,
    "bootstrap": false,
    "class_weight": "balanced"
  },
  "n_trials": 50,
  "optuna_best_macro_f1_cv": 0.4865483234471576,
  "n_windows": 18220,
  "n_participants": 11,
  "n_splits": 5,
  "class_distribution_window": {
    "high": 9906,
    "low": 8314
  },
  "fold_metrics": [
    {
      "fold": 1,
      "n_train": 13937,
      "n_test": 4283,
      "held_out_participants": [
        "P10",
        "P12"
      ],
      "accuracy": 0.52089656782629,
      "balanced_accuracy": 0.504366204651506,
      "macro_f1": 0.5032614323082105,
      "cohen_kappa": 0.008545801384628793,
      "per_class": {
        "low": {
          "precision": 0.3884342607746863,
          "recall": 0.43335362142422396,
          "f1-score": 0.4096662830840046,
          "support": 1643.0
        },
        "high": {
          "precision": 0.62,
          "recall": 0.5753787878787879,
          "f1-score": 0.5968565815324165,
          "support": 2640.0
        }
      }
    },
    {
      "fold": 2,
      "n_train": 14784,
      "n_test": 3436,
      "held_out_participants": [
        "P13",
        "P17"
      ],
      "accuracy": 0.47933643771827705,
      "balanced_accuracy": 0.5104539252922305,
      "macro_f1": 0.4755749199222108,
      "cohen_kappa": 0.017401901702529643,
      "per_class": {
        "low": {
          "precision": 0.33614278631631134,
          "recall": 0.601063829787234,
          "f1-score": 0.4311605723370429,
          "support": 1128.0
        },
        "high": {
          "precision": 0.6828752642706131,
          "recall": 0.41984402079722705,
          "f1-score": 0.5199892675073786,
          "support": 2308.0
        }
      }
    },
    {
      "fold": 3,
      "n_train": 14783,
      "n_test": 3437,
      "held_out_participants": [
        "P11",
        "P8"
      ],
      "accuracy": 0.5725923770730288,
      "balanced_accuracy": 0.5223405318228014,
      "macro_f1": 0.5224209331597801,
      "cohen_kappa": 0.045323089007007544,
      "per_class": {
        "low": {
          "precision": 0.37955555555555553,
          "recall": 0.3564273789649416,
          "f1-score": 0.36762806715454155,
          "support": 1198.0
        },
        "high": {
          "precision": 0.6665224913494809,
          "recall": 0.6882536846806611,
          "f1-score": 0.6772137991650187,
          "support": 2239.0
        }
      }
    },
    {
      "fold": 4,
      "n_train": 14859,
      "n_test": 3361,
      "held_out_participants": [
        "P15",
        "P16"
      ],
      "accuracy": 0.487354953882773,
      "balanced_accuracy": 0.4773568325218872,
      "macro_f1": 0.4772187655526434,
      "cohen_kappa": -0.04491263499187048,
      "per_class": {
        "low": {
          "precision": 0.5621996796583022,
          "recall": 0.5383435582822086,
          "f1-score": 0.5500130582397493,
          "support": 1956.0
        },
        "high": {
          "precision": 0.39314516129032256,
          "recall": 0.41637010676156583,
          "f1-score": 0.4044244728655375,
          "support": 1405.0
        }
      }
    },
    {
      "fold": 5,
      "n_train": 14517,
      "n_test": 3703,
      "held_out_participants": [
        "P14",
        "P18",
        "P9"
      ],
      "accuracy": 0.5441533891439373,
      "balanced_accuracy": 0.49038576096811043,
      "macro_f1": 0.48935988053107465,
      "cohen_kappa": -0.01969382418300203,
      "per_class": {
        "low": {
          "precision": 0.6387020182034032,
          "recall": 0.6755964838844705,
          "f1-score": 0.6566314076484947,
          "support": 2389.0
        },
        "high": {
          "precision": 0.34098639455782315,
          "recall": 0.3051750380517504,
          "f1-score": 0.3220883534136546,
          "support": 1314.0
        }
      }
    }
  ],
  "oof_window": {
    "accuracy": 0.5213501646542261,
    "balanced_accuracy": 0.5227950407634993,
    "macro_f1": 0.5209432725707547,
    "cohen_kappa": 0.045127317463400374,
    "per_class": {
      "low": {
        "precision": 0.47829333333333335,
        "recall": 0.5393312484965119,
        "f1-score": 0.5069817400644469,
        "support": 8314.0
      },
      "high": {
        "precision": 0.5669869983041266,
        "recall": 0.5062588330304866,
        "f1-score": 0.5349048050770625,
        "support": 9906.0
      }
    }
  },
  "oof_step": {
    "accuracy": 0.5555555555555556,
    "balanced_accuracy": 0.5274435760077281,
    "macro_f1": 0.5,
    "cohen_kappa": 0.04241025989007263,
    "per_class": {
      "low": {
        "precision": 0.7832167832167832,
        "recall": 0.5803108808290155,
        "f1-score": 0.6666666666666666,
        "support": 193.0
      },
      "high": {
        "precision": 0.25688073394495414,
        "recall": 0.4745762711864407,
        "f1-score": 0.3333333333333333,
        "support": 59.0
      }
    },
    "n_steps": 252
  },
  "held_out_test": {
    "tune_participants": [
      "P11",
      "P12",
      "P13",
      "P14",
      "P16",
      "P17",
      "P18",
      "P9"
    ],
    "held_out_participants": [
      "P10",
      "P15",
      "P8"
    ],
    "n_windows": 4511,
    "window_level": {
      "accuracy": 0.5694967856351142,
      "balanced_accuracy": 0.5909326356681921,
      "macro_f1": 0.5692893371066485,
      "cohen_kappa": 0.16799452798557002,
      "per_class": {
        "low": {
          "precision": 0.7091972355130249,
          "recall": 0.48882374496152436,
          "f1-score": 0.5787418655097614,
          "support": 2729.0
        },
        "high": {
          "precision": 0.4695817490494297,
          "recall": 0.6930415263748597,
          "f1-score": 0.5598368087035358,
          "support": 1782.0
        }
      }
    },
    "step_level": {
      "accuracy": 0.524390243902439,
      "balanced_accuracy": 0.6098484848484849,
      "macro_f1": 0.4974068835454974,
      "cohen_kappa": 0.12670671764063346,
      "per_class": {
        "low": {
          "precision": 0.8857142857142857,
          "recall": 0.4696969696969697,
          "f1-score": 0.6138613861386139,
          "support": 66.0
        },
        "high": {
          "precision": 0.2553191489361702,
          "recall": 0.75,
          "f1-score": 0.38095238095238093,
          "support": 16.0
        }
      },
      "n_steps": 82
    }
  }
}