feature,rf_gini_importance,permutation_importance_mean,permutation_importance_std
pupil_pcps_mean,0.27987185232757494,0.23486095134352122,0.003388965497606868
fixation_dur_mean_ms,0.4165229725014797,0.21334491765726837,0.0033332496691540468
blink_rate_30s,0.17988143125715642,0.21212762432886967,0.002592039085487906
pupil_diam_slope,0.12372374391378894,0.0781644632996614,0.002099357136286714
