{
  "label_source": "vacp_tertile_global",
  "feature_columns": [
    "pupil_pcps_mean",
    "pupil_diam_slope",
    "blink_rate_per_min",
    "fixation_dur_mean_ms",
    "fixation_dispersion_mean",
    "pupil_pcps_mean_zp",
    "pupil_diam_slope_zp",
    "blink_rate_per_min_zp",
    "fixation_dur_mean_ms_zp",
    "fixation_dispersion_mean_zp",
    "pupil_pcps_mean_zproc",
    "pupil_diam_slope_zproc",
    "blink_rate_per_min_zproc",
    "fixation_dur_mean_ms_zproc",
    "fixation_dispersion_mean_zproc"
  ],
  "vacp_thresholds": {
    "t33": 25.6,
    "t66": 42.7
  },
  "n_windows": 17599,
  "n_participants": 11,
  "n_splits": 5,
  "class_distribution": {
    "high": 10217,
    "medium": 4043,
    "low": 3339
  },
  "fold_metrics": [
    {
      "fold": 1,
      "n_train": 13458,
      "n_test": 4141,
      "held_out_participants": [
        "P12",
        "P17"
      ],
      "accuracy": 0.380101424776624,
      "balanced_accuracy": 0.32030713917199266,
      "macro_f1": 0.29945934223947646,
      "cohen_kappa": 0.014548324362248288,
      "per_class": {
        "low": {
          "precision": 0.0763239875389408,
          "recall": 0.34834123222748814,
          "f1-score": 0.1252129471890971,
          "support": 422.0
        },
        "medium": {
          "precision": 0.36553524804177545,
          "recall": 0.16036655211912945,
          "f1-score": 0.2229299363057325,
          "support": 873.0
        },
        "high": {
          "precision": 0.7025109170305677,
          "recall": 0.45221363316936053,
          "f1-score": 0.5502351432235998,
          "support": 2846.0
        }
      }
    },
    {
      "fold": 2,
      "n_train": 14257,
      "n_test": 3342,
      "held_out_participants": [
        "P10",
        "P13"
      ],
      "accuracy": 0.5233393177737882,
      "balanced_accuracy": 0.36835687062097433,
      "macro_f1": 0.328923594513457,
      "cohen_kappa": 0.06578653672835089,
      "per_class": {
        "low": {
          "precision": 0.09523809523809523,
          "recall": 0.0036496350364963502,
          "f1-score": 0.007029876977152899,
          "support": 548.0
        },
        "medium": {
          "precision": 0.2328888888888889,
          "recall": 0.41455696202531644,
          "f1-score": 0.29823562891291977,
          "support": 632.0
        },
        "high": {
          "precision": 0.6762295081967213,
          "recall": 0.68686401480111,
          "f1-score": 0.6815052776502983,
          "support": 2162.0
        }
      }
    },
    {
      "fold": 3,
      "n_train": 14289,
      "n_test": 3310,
      "held_out_participants": [
        "P15",
        "P8"
      ],
      "accuracy": 0.5063444108761329,
      "balanced_accuracy": 0.4251015832758312,
      "macro_f1": 0.4041316272814721,
      "cohen_kappa": 0.13978238094579176,
      "per_class": {
        "low": {
          "precision": 0.4731934731934732,
          "recall": 0.2985294117647059,
          "f1-score": 0.36609558160504957,
          "support": 680.0
        },
        "medium": {
          "precision": 0.4233128834355828,
          "recall": 0.1313035204567079,
          "f1-score": 0.20043572984749455,
          "support": 1051.0
        },
        "high": {
          "precision": 0.5225048923679061,
          "recall": 0.8454718176060798,
          "f1-score": 0.6458635703918723,
          "support": 1579.0
        }
      }
    },
    {
      "fold": 4,
      "n_train": 14371,
      "n_test": 3228,
      "held_out_participants": [
        "P11",
        "P16"
      ],
      "accuracy": 0.4594175960346964,
      "balanced_accuracy": 0.3801989793116611,
      "macro_f1": 0.36026351937623136,
      "cohen_kappa": 0.058967595137182416,
      "per_class": {
        "low": {
          "precision": 0.08469539375928678,
          "recall": 0.22093023255813954,
          "f1-score": 0.12244897959183673,
          "support": 258.0
        },
        "medium": {
          "precision": 0.3492569002123142,
          "recall": 0.41645569620253164,
          "f1-score": 0.37990762124711314,
          "support": 790.0
        },
        "high": {
          "precision": 0.6800991940483571,
          "recall": 0.5032110091743119,
          "f1-score": 0.5784339572897442,
          "support": 2180.0
        }
      }
    },
    {
      "fold": 5,
      "n_train": 14021,
      "n_test": 3578,
      "held_out_participants": [
        "P14",
        "P18",
        "P9"
      ],
      "accuracy": 0.3362213527110117,
      "balanced_accuracy": 0.30473955656672924,
      "macro_f1": 0.29803566764934275,
      "cohen_kappa": -0.04704845754184772,
      "per_class": {
        "low": {
          "precision": 0.39186295503211993,
          "recall": 0.2557651991614256,
          "f1-score": 0.3095137420718816,
          "support": 1431.0
        },
        "medium": {
          "precision": 0.16951788491446346,
          "recall": 0.1563845050215208,
          "f1-score": 0.1626865671641791,
          "support": 697.0
        },
        "high": {
          "precision": 0.3638180909545227,
          "recall": 0.5020689655172413,
          "f1-score": 0.42190669371196754,
          "support": 1450.0
        }
      }
    }
  ],
  "oof_window": {
    "accuracy": 0.43667253821239843,
    "balanced_accuracy": 0.3515353198301651,
    "macro_f1": 0.3516628986976024,
    "cohen_kappa": 0.022101314115376414,
    "per_class": {
      "low": {
        "precision": 0.19457695204619632,
        "recall": 0.23210542078466606,
        "f1-score": 0.21169079486479103,
        "support": 3339.0
      },
      "medium": {
        "precision": 0.28604855220824804,
        "recall": 0.2418995795201583,
        "f1-score": 0.26212811578665235,
        "support": 4043.0
      },
      "high": {
        "precision": 0.5817397273707954,
        "recall": 0.5806009591856709,
        "f1-score": 0.5811697854413638,
        "support": 10217.0
      }
    }
  },
  "oof_step": {
    "accuracy": 0.3974358974358974,
    "balanced_accuracy": 0.39330170692177857,
    "macro_f1": 0.3755237793959305,
    "cohen_kappa": 0.09104934020220934,
    "per_class": {
      "low": {
        "precision": 0.47058823529411764,
        "recall": 0.26373626373626374,
        "f1-score": 0.3380281690140845,
        "support": 91.0
      },
      "medium": {
        "precision": 0.32075471698113206,
        "recall": 0.27419354838709675,
        "f1-score": 0.2956521739130435,
        "support": 62.0
      },
      "high": {
        "precision": 0.4,
        "recall": 0.6419753086419753,
        "f1-score": 0.4928909952606635,
        "support": 81.0
      }
    },
    "n_steps": 234
  }
}